{"cameraMode":{"drawMode":0,"name":"Shaded","section":"Shading Mode"},"sceneLighting":true,"audioPlay":false,"sceneViewState":{"m_AlwaysRefresh":false,"showFog":true,"showSkybox":true,"showFlares":true,"showImageEffects":true,"showParticleSystems":true,"showVisualEffectGraphs":true,"m_FxEnabled":true},"in2DMode":false,"pivot":{"x":2.6737358570098879,"y":2.7410049438476564,"z":-57.494510650634769},"rotation":{"x":-0.14579050242900849,"y":-0.4003990590572357,"z":0.06930970400571823,"w":-0.9006635546684265},"size":1.1842056512832642,"orthographic":false}