{"cameraMode":{"drawMode":0,"name":"Shaded","section":"Shading Mode"},"sceneLighting":true,"audioPlay":false,"sceneViewState":{"m_AlwaysRefresh":false,"showFog":true,"showSkybox":true,"showFlares":true,"showImageEffects":true,"showParticleSystems":true,"showVisualEffectGraphs":true,"m_FxEnabled":true},"in2DMode":false,"pivot":{"x":70.33845520019531,"y":32.876014709472659,"z":-42.386695861816409},"rotation":{"x":-0.5773666501045227,"y":0.03988778591156006,"z":-0.015937650576233865,"w":-0.8135054111480713},"size":3.064552068710327,"orthographic":false}