{"cameraMode":{"drawMode":0,"name":"Shaded","section":"Shading Mode"},"sceneLighting":true,"audioPlay":false,"sceneViewState":{"m_AlwaysRefresh":false,"showFog":true,"showSkybox":true,"showFlares":true,"showImageEffects":true,"showParticleSystems":true,"showVisualEffectGraphs":true,"m_FxEnabled":true},"in2DMode":false,"pivot":{"x":84.24964141845703,"y":0.6276969909667969,"z":-28.48549461364746},"rotation":{"x":-0.009142270311713219,"y":0.952864944934845,"z":-0.2981395721435547,"w":-0.003920437302440405},"size":3.0679171085357668,"orthographic":false}