{"cameraMode":{"drawMode":0,"name":"Shaded","section":"Shading Mode"},"sceneLighting":true,"audioPlay":false,"sceneViewState":{"m_AlwaysRefresh":false,"showFog":true,"showSkybox":true,"showFlares":true,"showImageEffects":true,"showParticleSystems":true,"showVisualEffectGraphs":true,"m_FxEnabled":true},"in2DMode":false,"pivot":{"x":60.17987823486328,"y":7.461535453796387,"z":-28.580833435058595},"rotation":{"x":-0.0011874830815941096,"y":-0.6268320679664612,"z":-0.0052324095740914349,"w":0.7775461077690125},"size":4.9578351974487309,"orthographic":false}