{"cameraMode":{"drawMode":0,"name":"Shaded","section":"Shading Mode"},"sceneLighting":true,"audioPlay":false,"sceneViewState":{"m_AlwaysRefresh":false,"showFog":true,"showSkybox":true,"showFlares":true,"showImageEffects":true,"showParticleSystems":true,"showVisualEffectGraphs":true,"m_FxEnabled":true},"in2DMode":false,"pivot":{"x":5.217349052429199,"y":3.1072099208831789,"z":-55.67286682128906},"rotation":{"x":0.00915189366787672,"y":-0.6592198014259338,"z":-0.0031552400905638935,"w":0.7501139640808106},"size":2.0709502696990969,"orthographic":false}